id,workName,mpName,constituency,state,district,category,sanctionedAmount,expenditure,physicalProgress,status,startDate,expectedCompletion,implementingAgency,paymentCount,latitude,longitude
MPLADS-2024-0001,Upgradation of Village Approach Road from Rampur Chowk to Government Bus Stand,Ramesh Chandra Yadav,Lucknow,Uttar Pradesh,Lucknow,Road Construction,4000000,2720000,65,In Progress,2024-02-15,2027-03-31,PWD Lucknow Division,6,26.8467,80.9462
MPLADS-2024-0002,Piped Drinking Water Supply Scheme for Barh Block,Meena Devi,Patna Sahib,Bihar,Patna,Drinking Water Supply,3200000,1760000,58,In Progress,2024-05-01,2027-06-30,Bihar Jal Nigam,5,25.5941,85.1376
MPLADS-2024-0003,Construction of Additional Classrooms at Zilla Parishad High School Wagholi,Vinod Kale,Pune,Maharashtra,Pune,School Infrastructure,2800000,1120000,38,In Progress,2024-06-10,2027-08-31,Zilla Parishad Pune,4,18.5204,73.8567
MPLADS-2024-0004,Construction of Community Reading Hall at Kuniyamuthur,Lakshmi Narayanan,Coimbatore,Tamil Nadu,Coimbatore,Community Hall,1800000,540000,28,In Progress,2024-09-01,2027-11-30,Coimbatore Municipal Corporation,3,11.0168,76.9558
MPLADS-2024-0005,Underground Drainage and Sanitation Improvement Sector 5,Nagesh Kumar,Mysuru,Karnataka,Mysuru,Sanitation,5000000,4100000,80,In Progress,2023-08-20,2027-02-28,Mysuru City Corporation,7,12.2958,76.6394
MPLADS-2024-0006,Rural Electrification and Transformer Upgradation Phase I,Kiran Patel,Surat,Gujarat,Surat,Electrification,2600000,1170000,42,In Progress,2024-03-15,2027-05-31,Dakshin Gujarat Vij Company,4,21.1702,72.8311
MPLADS-2024-0007,Renovation of Minor Irrigation Channel Kendrapara Link,Bijoy Nayak,Cuttack,Odisha,Cuttack,Irrigation,1500000,300000,22,In Progress,2024-11-01,2027-12-31,Odisha Water Resources Department,3,20.4625,85.8828
MPLADS-2023-0008,Construction of Community Health Sub-Centre at Kundara,Bindu Krishnan,Kollam,Kerala,Kollam,Healthcare Infrastructure,3400000,3400000,100,Completed,2022-04-01,2023-09-30,Kerala Health Department,8,8.8932,76.6141
MPLADS-2023-0009,Construction of Public Library Building at Vaishali Nagar,Mahendra Rathore,Jaipur,Rajasthan,Jaipur,Library,2200000,2134000,100,Completed,2022-01-10,2023-06-30,Jaipur Development Authority,6,26.9124,75.7873
MPLADS-2024-0010,Construction and Upgradation of District Sports Stadium Track,Om Prakash Chourasia,Indore,Madhya Pradesh,Indore,Sports Facility,6000000,8280000,75,In Progress,2023-01-05,2027-01-31,Indore Municipal Corporation,9,22.7196,75.8577
MPLADS-2022-0011,Construction of Cement Road Connecting Sonapur to Rani Village,Ranjit Hazarika,Guwahati,Assam,Guwahati,Road Construction,3500000,910000,8,Delayed,2022-06-01,2024-03-31,Assam PWD Rural Roads Division,4,26.1445,91.7362
MPLADS-2024-0012,Construction of Community Hall at Ward 7 Sector 12,Harpreet Singh Sandhu,Ludhiana,Punjab,Ludhiana,Community Hall,2200000,1078000,48,In Progress,2024-04-01,2027-04-30,Ludhiana Municipal Corporation,5,30.9010,75.8573
MPLADS-2024-0013,Construction of Community Hall Ward 7 Sector 12 Phase II,Harpreet Singh Sandhu,Ludhiana,Punjab,Ludhiana,Community Hall,2350000,1128000,45,In Progress,2024-04-15,2027-05-15,Ludhiana Municipal Corporation,5,30.9010,75.8573
MPLADS-2024-0014,Construction of Elevated Water Storage Tank at Shibpur,Sourav Mukherjee,Howrah,West Bengal,Howrah,Drinking Water Supply,3000000,2400000,50,In Progress,2023-10-01,2027-01-15,Howrah Municipal Corporation,6,22.5958,88.2636
MPLADS-2024-0015,Replacement of Damaged Electric Poles and LED Streetlights,Manoj Chauhan,Karnal,Haryana,Karnal,Electrification,1800000,1650000,88,In Progress,2024-01-20,2027-02-28,Uttar Haryana Bijli Vitran Nigam,5,29.6857,76.9905
MPLADS-2024-0016,Renovation and Equipment Upgrade of Primary Health Centre Building,K. Ravinder Reddy,Warangal,Telangana,Warangal,Healthcare Infrastructure,1200000,948000,75,In Progress,2024-02-01,2027-03-15,Telangana Medical & Health Department,15,17.9689,79.5941
MPLADS-2024-0017,Construction of Anganwadi Centre Building at Tilda,Naresh Verma,Raipur,Chhattisgarh,Raipur,Education,1400000,490000,33,In Progress,2024-07-01,2027-09-30,Women & Child Development Department,3,21.2514,81.6296
MPLADS-2024-0018,Installation of Solar Street Lighting Along NH Bypass Road,Srinivas Rao,Vijayawada,Andhra Pradesh,Vijayawada,Electrification,2000000,1200000,62,In Progress,2024-05-20,2027-06-30,Vijayawada Municipal Corporation,5,16.5062,80.6480
